{"1054440039":{"set_owner":190647723,"settings":{"public":"no","set_name":"کس","lock_rtl":"no","strict":"no","lock_tgservice":"yes","lock_link":"yes","lock_arabic":"no","lock_spam":"yes","flood":"yes","lock_contacts":"no","lock_sticker":"no","member":"no"},"long_id":"$05000000677ad93e01474126dc9b8c43","moderators":[],"group_type":"SuperGroup"},"1043424869":{"set_owner":"63601599","settings":{"public":"no","set_name":"ڪَََـــََََََـَََـٌٌََـََََـٌَََََـََََـٌٌَََــیش♕♛مــََََـََََـََََـََََـٌََََـاتٌََََََََْْْْ","lock_rtl":"no","lock_link":"yes","strict":"no","lock_tgservice":"yes","mute_video":"yes","lock_sticker":"no","member":"no","lock_spam":"yes","set_link":"https://telegram.me/joinchat/A8p7vz4xZmWzcb51ldcRqA","flood":"yes","lock_contacts":"no","lock_arabic":"no","mute_gif":"yes"},"long_id":"$050000006566313e30ddd9fe26a9b3b0","moderators":{"63601599":"(at)Soroushvosough"},"group_type":"SuperGroup"},"1057269091":{"set_owner":"151776855","settings":{"set_name":"🚩Jneral   Music 🎶","mute_text":"no","lock_sticker":"yes","set_link":"https://telegram.me/joinchat/CQvuVz8EpWNu4F_s236_DA","public":"no","lock_spam":"yes","lock_link":"yes","lock_rtl":"no","emoji":"yes","strict":"no","mute_forward":"yes","member":"no","flood_msg_max":"40","mute_gif":"yes","lock_bots":"yes","lock_tgservice":"no","flood":"yes","lock_contacts":"yes","lock_arabic":"no","tag":"yes"},"long_id":"$0500000063a5043fd5e3677bcf57a3e0","rules":"_ ⚜    قوانین    ⚜\nبے ادبے و بے احٺرامے ممنوع🚫🚫\n\nٺـــــکرار درخواسٺ ممنوع⛔️⛔️\n\nهر ممبر روزے   5  درخواسٺ \n\nدرخواسٺ عکس 📸  لوگو 🖼 استیکر 🕴\n\n با افـــــزودن 5 ممبر","group_type":"SuperGroup","moderators":{"260338017":"(at)Rojhalat_1","253535333":"(at)FereshTwm","262170303":"(at)hamtatakpar","175598092":"(at)mamadtanhay"}},"1007121818":{"set_owner":"52057031","settings":{"public":"no","lock_link":"yes","lock_rtl":"no","strict":"no","lock_tgservice":"yes","member":"no","lock_sticker":"no","flood":"yes","flood_msg_max":"20","lock_spam":"yes","set_link":"https://telegram.me/joinchat/AgdiRjwHdZpXr2EQp3BAtA","lock_contacts":"no","lock_arabic":"no","set_name":"🌺 Clip 🎧  🌺"},"long_id":"$050000009a75073c696390e3ae8dba38","moderators":[],"group_type":"SuperGroup"},"1092102421":{"set_owner":"183856141","settings":{"public":"no","emoji":"yes","lock_rtl":"no","flood":"yes","strict":"no","lock_tgservice":"yes","lock_arabic":"no","lock_link":"yes","member":"no","lock_spam":"yes","flood_msg_max":"30","set_link":"https://telegram.me/joinchat/CvVsDUEYKRXNis_M61qJ-Q","lock_contacts":"no","lock_sticker":"no","set_name":"❤️گـ \u0601ٌٰـپ آفـ \u0601ٌٰـاق ؤ ڈؤسُـٺـ \u0601ٌٰـاشَ❤️"},"long_id":"$050000001529184103ed42cff573e2c3","moderators":[],"group_type":"SuperGroup"},"1062898765":{"set_owner":"259050252","settings":{"flood_msg_max":"5","media":"yes","mute_audio":"yes","lock_sticker":"yes","public":"no","lock_spam":"yes","lock_rtl":"no","mute_gif":"yes","lock_tgservice":"yes","mute_video":"yes","member":"no","set_name":"دًٍخـًٍتًٍـ⇜ـرًٍ💋پًٍسٍـًٍـرًٍاےًٍ👓نایًًٍٍــــــًٍسًًٍٍ","mute_photo":"yes","strict":"no","lock_link":"yes","lock_contacts":"no","lock_arabic":"no","flood":"yes"},"long_id":"$050000004d8c5a3f196a34fed3dcd7e1","moderators":{"127622417":"(at)GoGoli_1_2","211324505":"(at)SHIMAIM_MOKHRADI_75"},"group_type":"SuperGroup"},"groups":{"1054440039":1054440039,"1043424869":1043424869,"1057269091":1057269091,"1007121818":1007121818,"1092102421":1092102421,"1062898765":1062898765,"1005490249":1005490249,"1093542782":1093542782,"1058599276":1058599276,"1070281066":1070281066,"1027879973":1027879973,"1024480094":1024480094,"1087747861":1087747861,"1021349240":1021349240,"1069830967":1069830967,"1080055026":1080055026,"1009665506":1009665506,"1013448781":1013448781,"1087560312":1087560312,"1061309417":1061309417,"1056212976":1056212976,"1091410636":1091410636,"1052590477":1052590477,"1091204006":1091204006,"1088359489":1088359489,"1067588227":1067588227,"1094591748":1094591748,"1082853610":1082853610,"1057487632":1057487632,"1047534233":1047534233,"1086764365":1086764365,"1078579936":1078579936,"1092581057":1092581057,"1080464606":1080464606,"1099953297":1099953297,"1058676873":1058676873,"1002724501":1002724501,"1062111359":1062111359,"1071764748":1071764748,"1041797548":1041797548,"1055990059":1055990059,"1062011456":1062011456,"1084477891":1084477891,"1070298079":1070298079,"1063530143":1063530143,"1098511607":1098511607,"1081760390":1081760390,"1050601156":1050601156,"1022236124":1022236124,"1060235777":1060235777,"1064534783":1064534783,"1085608908":1085608908,"1093411684":1093411684,"1050370640":1050370640,"1065569849":1065569849,"1097621896":1097621896,"1050162784":1050162784,"1069105917":1069105917,"1087272316":1087272316,"1094256594":1094256594,"1092019231":1092019231,"1067438816":1067438816,"1088029906":1088029906,"1097693305":1097693305,"1079118921":1079118921,"1019278515":1019278515,"1061060340":1061060340,"1061513122":1061513122,"1071353359":1071353359,"1084270894":1084270894,"1082591000":1082591000,"1088595781":1088595781,"1081689417":1081689417},"1005490249":{"set_owner":"186837236","settings":{"public":"no","set_name":"👈 اهنگــــسرا","lock_rtl":"no","strict":"no","lock_tgservice":"yes","flood":"yes","lock_arabic":"no","lock_link":"yes","set_link":"https://telegram.me/joinchat/BAvDtzvukEmKI9w0HquPfQ","lock_spam":"no","member":"no","lock_contacts":"no","lock_sticker":"no","mute_gif":"yes"},"long_id":"$050000004990ee3bac562be768df22ff","rules":"قوانین گروه : آهنگسرا🎌\n\nچـــت ممنـــوع⛔\nادد کردن هر نوع ربات به گروه ممنوع🚷\nپی وی ممنوع(در صورت نارضایتی ممبرها=ریــمو⛔\nمتــن و پســت و مطـلب ممنــوع📵\nعکـس و فیــلم 🔞 ممنــوع\n\nhttps://telegram.me/joinchat/BAvDtzvukEmKI9w0HquPfQ","group_type":"SuperGroup","moderators":{"67879863":"(at)Sal_N_8","167786616":"شورش ","255534359":"(at)Kami0010","211324505":"(at)SHIMA_MOKHRADI_75","251505149":"(at)mona13640"}},"1093542782":{"set_owner":"187068462","settings":{"member":"no","mute_doc":"yes","media":"yes","mute_text":"no","mute_audio":"yes","lock_sticker":"yes","mute_photo":"yes","set_link":"https://telegram.me/joinchat/CyZwLkEuI356Yr8wXYkk8A","lock_rtl":"no","lock_spam":"yes","mute_gif":"yes","lock_tgservice":"no","mute_video":"yes","strict":"no","set_name":"🎶Mů§ị¢ ħëžãŕö ÿēķ $ħãb🎶","flood":"yes","lock_link":"yes","public":"no","lock_contacts":"yes","lock_arabic":"no","flood_msg_max":"5"},"long_id":"$050000007e232e418c483f6fcad5025d","moderators":{"118527853":"(at)aaalllaaallleeehhh","267471665":"(at)behnam_gtx","206451511":"(at)GMohmamd","217068964":"(at)Sookot4122","100799445":"(at)s35880","258801782":"(at)Ayda0001025","65597870":"(at)aynaz1025","234115966":"(at)HamiddA2","104348045":"(at)li ","241626540":"(at)Sange_Saboor1"},"group_type":"SuperGroup"},"1058599276":{"set_owner":185367307,"settings":{"public":"no","set_name":"تبلیغات گسترده","lock_rtl":"no","strict":"no","lock_tgservice":"yes","lock_link":"no","lock_arabic":"no","lock_spam":"yes","flood":"yes","lock_contacts":"no","lock_sticker":"no","member":"no"},"long_id":"$050000006cf1183f2c67b1876df6d9b7","moderators":[],"group_type":"SuperGroup"},"1070281066":{"set_owner":185275087,"settings":{"public":"no","set_name":"❤❤❤فقط عشقم❤❤❤","lock_rtl":"no","strict":"no","lock_tgservice":"yes","lock_link":"no","lock_arabic":"no","lock_spam":"yes","flood":"yes","lock_contacts":"no","lock_sticker":"no","member":"no"},"long_id":"$050000006a31cb3ffc16d9033c4e1145","moderators":[],"group_type":"SuperGroup"},"1055990059":{"set_owner":"74592359","settings":{"public":"no","flood":"yes","lock_link":"yes","lock_rtl":"no","lock_arabic":"no","mute_gif":"yes","lock_tgservice":"yes","mute_video":"yes","member":"no","lock_spam":"yes","mute_photo":"yes","set_name":"بانک موسیقی 2","set_link":"https://telegram.me/joinchat/Dy58sz7xISuhUndGfCcsTA","lock_contacts":"no","lock_sticker":"no","strict":"no"},"long_id":"$050000002b21f13ef32a9e5384c4e75d","moderators":{"254704819":"ستایش ","74592359":"(at)Z9zaz","224876770":"(at)shahe_badboy1"},"group_type":"SuperGroup"},"1024480094":{"set_owner":"74592359","settings":{"public":"no","set_name":"متن شعر دوستان","lock_rtl":"no","strict":"no","lock_tgservice":"yes","lock_link":"yes","lock_arabic":"no","lock_spam":"yes","flood":"yes","lock_contacts":"no","lock_sticker":"no","member":"no"},"long_id":"$050000005e53103d9218ef41caf4f324","moderators":[],"group_type":"SuperGroup"},"1087747861":{"set_owner":259300954,"settings":{"public":"no","lock_spam":"yes","lock_link":"no","lock_rtl":"no","set_photo":"data/photos/channel_photo_1087747861.jpg","strict":"no","mute_forward":"yes","lock_sticker":"no","set_name":"پشتیبانی","username":"yes","set_link":"https://telegram.me/joinchat/D6Bmv0DVtxXDFZbPbWX_Ag","member":"no","flood":"yes","lock_contacts":"no","lock_arabic":"no","lock_tgservice":"yes"},"long_id":"$0500000015b7d54068c66ff679ac01ed","moderators":[],"group_type":"SuperGroup"},"1087272316":{"set_owner":184264809,"settings":{"public":"no","member":"no","lock_rtl":"no","strict":"no","lock_tgservice":"yes","mute_forward":"yes","lock_arabic":"no","set_name":"ثبت گروهای ربات","lock_spam":"yes","lock_link":"yes","flood":"yes","lock_contacts":"yes","lock_sticker":"no","tag":"yes"},"long_id":"$050000007c75ce409f00b9d3e9927b3d","moderators":[],"group_type":"SuperGroup"},"1058676873":{"set_owner":49050161,"settings":{"public":"no","set_name":"👈پاااتووق دیوااانه هاااا👉","lock_rtl":"no","strict":"no","lock_tgservice":"yes","lock_link":"yes","lock_arabic":"no","lock_spam":"yes","flood":"yes","lock_contacts":"no","lock_sticker":"no","member":"no"},"long_id":"$0500000089201a3f6a5965380b57ff5b","moderators":[],"group_type":"SuperGroup"},"1080055026":{"set_owner":"185488957","settings":{"public":"no","lock_link":"yes","lock_rtl":"no","strict":"no","lock_tgservice":"yes","member":"no","lock_arabic":"no","flood":"yes","set_link":"https://telegram.me/joinchat/Cw5WPUBgVPKBOZYMUzPGNw","lock_spam":"yes","lock_contacts":"no","lock_sticker":"no","set_name":"Gp chat"},"long_id":"$05000000f25460400da8dacb76e518d6","rules":"بی ادبی ممنوع🚫\n\nگروه ضد اسپم😛☺️🎈\n\nخوش باشید 😊❤️📱","group_type":"SuperGroup","moderators":[]},"1009665506":{"set_owner":"52057031","settings":{"public":"no","member":"no","flood":"yes","lock_rtl":"no","lock_arabic":"no","strict":"no","lock_tgservice":"yes","lock_link":"yes","flood_msg_max":"20","lock_spam":"no","set_link":"https://telegram.me/joinchat/AxpTxzwuReK1FiBc4iUwXw","set_name":"🎧KOLBEH MUSIC🎧","mute_gif":"no","lock_contacts":"yes","lock_sticker":"no","username":"no"},"long_id":"$05000000e2452e3c54b78e86e7baf0b3","rules":"چت ممنوع⛔️💯\nمتن ممنوع⛔️💯\nتبلیغ ممنوع ⛔️💯\nفقط موزیک وموزیک ویدیو⛔️","group_type":"SuperGroup","moderators":{"217812483":"ناجی ","250555408":"💚:/мфнзей/:💚 ","83557079":"(at)FarzaadJ","250556618":"(at)Somii_ms","93902274":"(at)Mohamad_7065","113546848":"(at)FOGMM","35806434":"eli ","140105671":"(at)Saeeyd111","217706401":"(at)hadii_khojaste","260546648":"شبSh(at)bn(at)mنم ,","231572103":"(at)nahid_bahalll","230487896":"💓 :/МфйiЯ/: 💓 "}},"1013448781":{"set_owner":"115134227","settings":{"member":"no","mute_all":"no","fwd":"no","mute_doc":"yes","flood":"yes","media":"yes","set_name":"👑Қiդզ&QЦξξդ👑","set_link":"https://telegram.me/joinchat/BtzPEzxoAE2C_53CovZa6g","leave":"yes","set_photo":"data/photos/channel_photo_1013448781.jpg","mute_audio":"yes","flood_msg_max":"4","lock_sticker":"yes","mute_photo":"yes","public":"no","lock_spam":"yes","strict":"no","lock_rtl":"no","mute_forward":"yes","mute_gif":"yes","lock_tgservice":"yes","mute_video":"yes","operator":"no","username":"yes","lock_bots":"yes","lock_link":"yes","join":"no","lock_contacts":"yes","lock_arabic":"no","tag":"yes"},"long_id":"$050000004d00683c5620e053f291bb2f","rules":"گروه فقط چت✅\nپیوی ممنوع📛\nچت مخ زنی ممنوع📛\nارسال عکس📛\nاسال فیلم📛\nارسال استیکر📛\nارسال گیف📛\nشماره دادن یا گرفتن📛\nدرخواست امدن کسی به پیوی📛\nلینک،فروارد،یوزرنیم📛\nپست📛\nهمه ممنوع📛فقط چت ازاد✅\nکلکل با علاق ممنوع😉📛\nاینجا گروه دوستیابی نیست⁉️❌\n\nلینک گروه>>:\nhttps://telegram.me/joinchat/BtzPEzxoAE2C_53CovZa6g","group_type":"SuperGroup","moderators":{"184264809":"(at)hasaaaannn","162646938":"ساحل "}},"1087560312":{"set_owner":244505331,"settings":{"public":"no","set_name":"بیاین اینجا","lock_rtl":"no","strict":"no","lock_tgservice":"yes","lock_link":"no","lock_arabic":"no","lock_spam":"yes","flood":"yes","lock_contacts":"no","lock_sticker":"no","member":"no"},"long_id":"$0500000078dad240a41ea099ac726271","moderators":[],"group_type":"SuperGroup"},"1061309417":{"set_owner":"104640809","settings":{"flood":"yes","mute_text":"no","lock_sticker":"no","public":"no","lock_spam":"yes","lock_rtl":"no","lock_link":"yes","strict":"no","lock_tgservice":"yes","mute_video":"yes","mute_forward":"yes","mute_photo":"no","member":"no","set_link":"https://telegram.me/joinchat/BjyxKT9CS-n3UeqkN9S8Ug","mute_gif":"yes","lock_contacts":"yes","lock_arabic":"no","set_name":"🎩Sami😏BAX✌"},"long_id":"$05000000e94b423f7aacab031c338443","moderators":{"202171881":"(at)Majidjen04"},"group_type":"SuperGroup"},"1086764365":{"set_owner":"224132626","settings":{"flood":"yes","media":"yes","mute_audio":"yes","lock_sticker":"yes","public":"no","set_link":"https://telegram.me/joinchat/DVv-EkDGtU0W7s2DDo4aCw","lock_rtl":"no","lock_link":"yes","strict":"no","lock_tgservice":"yes","mute_video":"yes","set_name":"☆Sharen cantis","mute_gif":"yes","mute_photo":"yes","lock_spam":"yes","member":"no","lock_contacts":"no","lock_arabic":"no","tag":"yes"},"long_id":"$050000004db5c6402d5e2b20f41429ef","moderators":{"253349475":"(at)Ali1050"},"group_type":"SuperGroup"},"1071353359":{"set_owner":"267785153","settings":{"public":"no","member":"no","lock_rtl":"no","strict":"no","username":"yes","lock_tgservice":"yes","media":"no","lock_arabic":"no","set_name":"gρ ʝιʝι 👑💦","lock_spam":"yes","lock_link":"yes","flood":"yes","lock_contacts":"yes","lock_sticker":"no","tag":"yes"},"long_id":"$050000000f8edb3fe9beec97cc46c0b7","moderators":{"268577039":"(at)Mobarez_boot"},"group_type":"SuperGroup"},"1052590477":{"set_owner":169884904,"settings":{"lock_link":"no","flood":"no","mute_all":"no","fwd":"no","join":"no","flood_msg_max":"7","set_name":"👑پـًٍـًٍآًٍیًٍــًٍใαҭ¡παـًٍـًٍـًٍگًٍـًَأًٍه👑","media":"no","fosh":"no","member":"no","leave":"no","english":"no","emoji":"no","set_link":"https://telegram.me/joinchat/CiA86D69QY0s7RNewoRU3g","lock_sticker":"no","strict":"no","public":"no","lock_spam":"no","username":"no","lock_rtl":"no","mute_forward":"yes","mute_gif":"yes","lock_tgservice":"no","mute_video":"no","operator":"no","lock_member":"no","lock_bots":"no","all":"no","reply":"no","lock_contacts":"no","lock_arabic":"no","tag":"no"},"long_id":"$050000008d41bd3e1a2bb91112fbc57d","moderators":{"244505331":"typing... ","208424474":"(at)M_R_TYPER","169884904":"(at)xXx_parham_LATINA_xXx","150076040":"(at)Xx_donya_Latina_xX","154975141":"(at)mammad_latinam","244212992":"(at)xXx_MAHYARAM_LATINA_xXx"},"group_type":"SuperGroup"},"1091204006":{"set_owner":"257212711","settings":{"public":"no","member":"no","lock_rtl":"no","strict":"no","mute_gif":"yes","lock_tgservice":"yes","lock_arabic":"no","lock_link":"yes","set_name":"Test","lock_spam":"yes","set_link":"https://telegram.me/joinchat/D1TBJ0EKc6ZxytAmCSuqIQ","flood":"yes","lock_contacts":"no","lock_sticker":"yes","tag":"yes"},"long_id":"$05000000a6730a416938f55638da6099","moderators":[],"group_type":"SuperGroup"},"1088595781":{"set_owner":211814380,"settings":{"public":"no","member":"no","lock_rtl":"no","strict":"no","lock_tgservice":"yes","flood":"yes","lock_arabic":"no","set_name":"فروش ربات های ضد لینک","lock_link":"yes","lock_spam":"yes","lock_contacts":"no","lock_sticker":"yes","mute_gif":"yes"},"long_id":"$0500000045a7e24014eaa56363cb199e","moderators":[],"group_type":"SuperGroup"},"1067588227":{"set_owner":100815536,"settings":{"public":"no","set_name":"«««بٍِْـٍِْـٍِْـٍِْـٍِْـٍِْـٍِْـٍِْـکٍِْـٍِْـٍِْـٍِْـس بٍِْـٍِْـٍِْـٍِْـاحٍِْـٍِْـٍِْـٍِْـال»»»","lock_rtl":"no","strict":"no","lock_tgservice":"yes","flood_msg_max":"50","lock_arabic":"no","flood":"yes","lock_link":"yes","lock_spam":"yes","lock_contacts":"yes","lock_sticker":"no","member":"no"},"long_id":"$05000000831aa23f215930d989b702d4","moderators":[],"group_type":"SuperGroup"},"1094591748":{"set_owner":"216535559","settings":{"flood":"yes","media":"yes","mute_audio":"yes","emoji":"yes","lock_sticker":"no","lock_tgservice":"yes","public":"no","lock_spam":"yes","mute_gif":"yes","lock_rtl":"no","set_link":"https://telegram.me/joinchat/DOgSB0E-JQRDRuPo09iqOQ","strict":"no","mute_forward":"yes","mute_video":"yes","username":"yes","set_name":"گفتگوی ازاد","mute_photo":"yes","member":"no","lock_link":"yes","lock_contacts":"yes","lock_arabic":"no","tag":"yes"},"long_id":"$0500000004253e4155739191d7f645d1","moderators":{"220077588":"ℳﾑɦsﾑ "},"group_type":"SuperGroup"},"1082853610":{"set_owner":"75000400","settings":{"lock_link":"yes","mute_doc":"yes","media":"no","mute_audio":"yes","lock_sticker":"no","mute_photo":"yes","lock_spam":"no","member":"no","lock_rtl":"no","set_name":"🔆🔅ʝμ$† cнαт 🎶¢øƒəə ℳυ$ɪc🎶🔅🔆","mute_gif":"yes","lock_tgservice":"yes","mute_video":"yes","flood_msg_max":"10","strict":"no","username":"yes","public":"no","set_link":"https://telegram.me/joinchat/B7ZVfkCLCOqLqkWcB-1Kpw","lock_contacts":"yes","lock_arabic":"no","flood":"yes"},"long_id":"$05000000ea088b40d5f7566f5aeb3b67","rules":"🌐ℳїИøø ℓѦηÐÐ(ʝυsт cĦαт)🌐 👈 🔰 قوانین گروه 🔰\n\n🔯🔯🔯🔯🔯🔯🔯\nℳїИøø ℓѦηÐÐ(ʝυsт cĦαт)\nhttps://telegram.me/joinchat/B7ZVfkCLCOq_VlQSJwOGmg\n✡✡✡✡✡✡✡\nتوضیح مختصر:\nگــــروه چتِـــــِ ڪافه موزیڪ ، گـــــفتگو و چت و گـــــپ، ارسال پست و مطالبـــــ جالبــ و خنده دار📃\nقوانین：\nفقــــط چـــــــت💯\nتـبلیغاتـــــــ❌🚫\nموزیڪ و فیلمـــــ ❌🚫(موزیڪ درخواســـــتی فقط در ابَــــــــــر گروهِ #ڪافه موزیڪ )\nبی احترامی و دعـــــوا ممنوع❌\nپست رگبــــــــــاری،اوردن رباتـــــ. وتوجه نکــردن به ادمیـــن و #قـــــوانین=ممنوع حذف از گپ❌☑️\n+18 ممنـوع🔞📵\n پی وی (pv)در صورتی که دو طرف راضی باشن بلامانع☑️🚻\nتوهــین,شـاخ  بازی,دعوا =ریمو✖️✔️\n🛃ادب شما نشـــــونه شـــخصیت شماســـــ 🆒\n🔰هدف ساخت گپـــــ :  دورهمـــــی دوستانه و لحظاتـــــ خوشـــــ در ڪنار همه💟","group_type":"SuperGroup","moderators":{"112176264":"(at)Arsam2411","210413046":"(at)Sanam_0356","242012856":"niloo ","99081976":"(at)EBI_EBRAHIMI_MUSIC1","198327555":"is typing..... ","129389950":"(at)Onnnb","184264809":"(at)hasaaaannn","220077588":"ℳﾑɦsﾑ ","242773166":"niloo "}},"1057487632":{"set_owner":"269294229","settings":{"lock_link":"yes","mute_all":"no","mute_doc":"yes","mute_text":"no","leave":"yes","lock_spam":"yes","mute_audio":"yes","strict":"no","lock_sticker":"yes","member":"no","mute_photo":"yes","set_link":"https://telegram.me/joinchat/DLdMND8H-xAzxKKaa4EihQ","mute_gif":"yes","lock_rtl":"no","set_name":"Şhäřè Čøñţàčť āwmïř","username":"yes","mute_forward":"no","mute_video":"yes","emoji":"yes","flood":"yes","lock_bots":"yes","lock_tgservice":"yes","public":"no","lock_contacts":"no","lock_arabic":"no","tag":"yes"},"long_id":"$0500000010fb073fb458a54f5df273ef","moderators":{"243433859":"(at)Nazi_zt_am"},"group_type":"SuperGroup"},"1047534233":{"set_owner":"189320573","settings":{"member":"no","join":"no","leave":"yes","lock_sticker":"yes","flood":"yes","public":"no","lock_spam":"no","set_name":"علمدارعاشقی","lock_rtl":"no","mute_gif":"yes","username":"yes","lock_tgservice":"yes","flood_msg_max":"10","set_link":"https://telegram.me/joinchat/C0jNfT5wGplQsgPx_RzP5A","lock_link":"yes","lock_bots":"yes","strict":"no","emoji":"yes","lock_contacts":"yes","lock_arabic":"no","tag":"yes"},"long_id":"$05000000991a703e2edf15380186d4b6","rules":"[Forwarded from دلـــــتـــنـــگ کربلا]\n🙏ســـلام عــلیکــم☆☆☆☆☆  \nقــــوانـــیـــن جـــدیــــد گــــروه  عـــلـــمـــدار عـــاشـــقـــی  خـــادمــــان  ابـــوالـــفـــضــل عــــلــیـــــه الــــســــلام☆☆☆؛؛؛\n\n✍گذاشتن لینک ممنوع⛔️\n\n✍متن مذهبی\n\n✍متن علمی ،فرهنگی\n\n✍متن ازاهل بیت وبزرگان\n\n ✍دادن استیکرغیرمذهبی واهانت به مذاهب ممنوع⛔️\n\n✍ ذکرختم صلوات هر پنجشنبه درگروه انجام می شود....\n\n✍به هیچ عنوان درگروه چت نکنید اگرسوالی دررابطه بامسائل گروه بود مطرح بفرمائید\n\n  ✍رفتن به پی وی بانوان  ومزاحمت برای آنها پیگیری و برخوردشدیدوحذف کار بر خاطی\n\n✍بحث و متن سیاسی اکیدا ممنوع میباشد\n\n✍لطفا از ارسال مطالب تکراری خود داری کنید\n\n✍لطفا با اجرای قوانین به اعضای گروه احترام بگذارید \n\n✍عزیزانی که قوانین رو به هردلیلی رعایت نکند بعد از اخطاردوم ازگروه حذف خواهندشد\n\n✍ساعت تبادل و تبلیغ در گروه از ساعت 12شب تا 1میباشد؛در غیر این ساعت توسط ربات پاک میشود\n\n✍گروه مجهز به ربات ضد لینک؛ضد استیکر و ضد اسپم می باشد\n\n \n✍ضمنا   ساعت   تعطیلی  گروه  از  12 بامداد تا 6 صبح میباشد.\n\n🙏با تشکرازهمکاری شما؛ \n\n\"علمدار عاشقی\" خادمان حضرت\n\n ابوالفضل علیه السلام\n\n \"امیر عباس\" \n\n\n 🌷🌷التماس دعا 🌷🌷","group_type":"SuperGroup","moderators":{"60914718":"(at)Narcissus_R","206972570":"abas ","135831505":"(at)Sadat11027","191542048":"پوریا افروخته","191158243":"(at)dsdsasd","204267753":"(at)Eshgh3761","59834498":"(at)Azamsadzt"}},"1088359489":{"set_owner":"109122990","settings":{"lock_link":"yes","set_photo":"data/photos/channel_photo_1088359489.jpg","media":"yes","mute_audio":"yes","set_link":"https://telegram.me/joinchat/D6Bmv0DfDEGLNkQ9bpeJTw","lock_sticker":"yes","lock_tgservice":"no","public":"no","lock_spam":"yes","strict":"no","lock_rtl":"no","username":"yes","mute_gif":"yes","mute_forward":"yes","mute_video":"yes","member":"no","emoji":"yes","flood":"yes","mute_photo":"yes","set_name":"فروش ربات ضد لینک","lock_contacts":"yes","lock_arabic":"no","tag":"yes"},"long_id":"$05000000410cdf40896bb01792b418e0","rules":"فروش ربات 👈 🔰 قوانین گروه 🔰\n\n🔺نرخ ربات ضداسپم🔺\n\n💸نرخ سوپر گروه💸\n💵یک ماه :5000تومان\n💴دو ماه : 10000تومان\n💶همیشگی:16000تومان\n\n➖➖➖➖➖➖➖➖➖\n\n🔴پرداخت🔴\n🔸به صورت کارت به کارت🔸\n⬇️برای خرید مراجعه کنید⬇️\n@hamtatakpar\n\n@sHiMaIM_DoKhI_TeRrOrIsT\n🔹واگر ریپورتید به 🔹\n@Loverhamta_bot\n🔹مراجعه کنید🔹\n۵۸۵۹۸۳۱۰۳۶۸۱۰۱۶۵ شماره کارت\n\nحسین استندی\nبانک تجارت","group_type":"SuperGroup","moderators":{"145170235":"(at)SpRiNgTG","206986422":"(at)EMC_BOTS","116178044":"(at)vahid48950","220077588":"ℳﾑɦsﾑ ","242773166":"(at)nilmor"}},"1078579936":{"set_owner":"211324505","settings":{"lock_link":"yes","set_photo":"data/photos/channel_photo_1078579936.jpg","media":"yes","set_name":"فروش ربات","member":"no","leave":"yes","mute_doc":"yes","mute_audio":"yes","set_link":"https://telegram.me/joinchat/D6Bmv0BJ0uCHzU5Oxicnew","lock_sticker":"yes","mute_gif":"no","public":"no","lock_spam":"yes","mute_photo":"no","lock_rtl":"no","username":"yes","strict":"no","mute_forward":"yes","mute_video":"yes","flood":"yes","lock_tgservice":"yes","lock_bots":"yes","flood_msg_max":"10","reply":"no","lock_contacts":"yes","lock_arabic":"no","tag":"yes"},"long_id":"$05000000e0d24940db4dd3adca6bc2b9","rules":"🔺نرخ ربات ضداسپم🔺\n\n💸نرخ سوپر گروه💸\n💵یک ماه :5000تومان\n💴دو ماه : 10000تومان\n💶همیشگی:16000تومان\n\n➖➖➖➖➖➖➖➖➖\n\n🔴پرداخت🔴\n🔸به صورت کارت به کارت🔸\n⬇️برای خرید مراجعه کنید⬇️\n@hamtatakpar\n\n@sHiMaIM_DoKhI_TeRrOrIsT\n🔹واگر ریپورتید به 🔹\n@Loverhamta_bot\n🔹مراجعه کنید🔹\n۵۸۵۹۸۳۱۰۳۶۸۱۰۱۶۵ شماره کارت\n\nحسین استندی\nبانک تجارت","group_type":"SuperGroup","moderators":{"151776855":"(at)ElnaZz_joon","186837236":"(at)Hsetarh","145170235":"(at)SpRiNgTG","232875648":"(at)SuperGroupTG","202762092":"(at)LoverTG","211814380":"(at)SuperGroupTG3","206986422":"(at)EMC_BOTS","211324505":"(at)SHIMAIM_MOKHRADI_75"}},"1091410636":{"set_owner":"95569932","settings":{"flood_msg_max":"25","lock_sticker":"no","lock_spam":"yes","mute_photo":"yes","set_link":"https://telegram.me/joinchat/BbJIDEENmsxFCy4GNGuHHg","lock_link":"yes","lock_rtl":"no","set_name":"موزیک و نرم افزار درخواستی(nocht)","strict":"no","mute_forward":"no","mute_video":"no","public":"no","member":"no","lock_tgservice":"yes","flood":"yes","mute_gif":"yes","lock_contacts":"yes","lock_arabic":"no","tag":"yes"},"long_id":"$05000000cc9a0d41d97c06cdc1f8772a","moderators":{"154896996":"(at)SABAJANAMY","171526720":"(at)Taksetare15","209422170":"(at)sobhannn7","123402183":"みɨℓﾑ ","205002239":"(at)Sani_sheytone"},"group_type":"SuperGroup"},"1050601156":{"set_owner":230359330,"settings":{"set_name":"🔴Share Contact 🔴","lock_sticker":"yes","public":"no","set_link":"https://telegram.me/joinchat/CQpkiz6e5sSfIqmhn6CMjg","flood":"yes","lock_rtl":"no","lock_spam":"yes","mute_gif":"yes","lock_tgservice":"yes","mute_video":"yes","member":"no","lock_link":"yes","lock_bots":"yes","emoji":"yes","strict":"no","lock_contacts":"no","lock_arabic":"no","tag":"yes"},"long_id":"$05000000c4e69e3e038b46c78fc16239","moderators":{"151676043":"(at)Babiko"},"group_type":"SuperGroup"},"1099953297":{"set_owner":230817630,"settings":{"public":"no","set_name":"Share contact","lock_rtl":"no","strict":"no","lock_tgservice":"yes","lock_link":"yes","lock_arabic":"no","lock_spam":"yes","flood":"yes","lock_contacts":"no","lock_sticker":"no","member":"no"},"long_id":"$0500000091f48f411fc937e78f24c7ad","moderators":[],"group_type":"SuperGroup"},"1093411684":{"set_owner":"149523219","settings":{"flood":"no","fwd":"no","media":"no","lock_member":"no","mute_photo":"yes","username":"no","mute_video":"yes","operator":"no","lock_bots":"no","all":"no","lock_contacts":"yes","lock_arabic":"no","tag":"yes","member":"no","mute_doc":"yes","fosh":"no","leave":"no","english":"no","mute_audio":"no","lock_spam":"yes","emoji":"no","lock_rtl":"no","strict":"no","lock_sticker":"yes","mute_forward":"yes","lock_link":"yes","join":"no","public":"no","mute_gif":"yes","lock_tgservice":"yes","reply":"no","flood_msg_max":"7","set_link":"https://telegram.me/joinchat/COmLE0EsI2Tx23CLR6RR6Q","set_name":"🔱بَڪْسِ آس🔥ْ"},"long_id":"$0500000064232c41cf757901c8c65975","moderators":{"239644022":"(at)The_Arrogant_girl","173277077":"(at)lord_typers","210943721":"(at)mhf_uniQue","291877787":"👑 دُخټـــڔے اڗ ڄــڹــڛ غڔۅڔ👑 ","179094550":"(at)TeleUB6","247898705":"🎭sнαqαʏεq🎭","236486717":"(at)Sky12345","292788093":"💑 "},"group_type":"SuperGroup"},"1062111359":{"set_owner":"167193285","settings":{"set_name":"🎻🎼ɱựʂɨɕ ʂʈɑɾ🎹🎸","fwd":"no","media":"yes","mute_text":"no","lock_member":"no","mute_photo":"yes","username":"yes","mute_video":"yes","operator":"no","lock_bots":"no","all":"no","lock_contacts":"yes","lock_arabic":"no","tag":"yes","member":"no","mute_all":"no","join":"no","fosh":"no","leave":"no","english":"no","mute_audio":"yes","lock_spam":"no","mute_gif":"yes","lock_rtl":"no","strict":"no","lock_sticker":"yes","lock_tgservice":"no","flood_msg_max":"20","emoji":"no","lock_link":"yes","mute_doc":"yes","public":"no","reply":"no","mute_forward":"yes","set_link":"https://telegram.me/joinchat/CfcqxT9OiH-km5Ogf87Gmg","flood":"no"},"long_id":"$050000007f884e3fe46e87a138cd6d63","moderators":{"250877155":"(at)NuLLuseR","266113045":"امیررضا ","144408303":"(at)Sanaz_333","217804268":"(at)im_la_s_hi","253507562":"(at)tak_dokhi_hosein_zheneral_sabegh","167193285":"(at)Xx_Rezamusic_xX","154502401":"(at)TIGONBOT2","267417485":"(at)tibag1","128130321":"(at)Reza13841","145767097":"\uffff─═हई♚ɱαԋʂα♚ईह═─ریپ ","153906155":"(at)BoT_Anti_SpaM"},"group_type":"SuperGroup"},"1094256594":{"set_owner":"112176264","settings":{"public":"no","set_name":"س","lock_rtl":"no","strict":"no","lock_tgservice":"yes","lock_link":"no","lock_arabic":"no","lock_spam":"yes","flood":"yes","lock_contacts":"no","lock_sticker":"no","member":"no"},"long_id":"$05000000d20739417a863425aa550fad","moderators":[],"group_type":"SuperGroup"},"1071764748":{"set_owner":"186837236","settings":{"public":"no","set_name":"🎼🎸🎤Music city🎤🎸🎼","lock_rtl":"no","strict":"no","lock_tgservice":"yes","lock_link":"no","lock_arabic":"no","lock_spam":"yes","flood":"yes","lock_contacts":"no","lock_sticker":"no","member":"no"},"long_id":"$050000000cd5e13fb6d195ae44a4d03b","moderators":{"268146437":"reza "},"group_type":"SuperGroup"},"1041797548":{"set_owner":"116276404","settings":{"lock_link":"yes","mute_text":"no","lock_sticker":"yes","mute_photo":"yes","lock_spam":"yes","set_name":"🎧اهنگـای درخـــــواستی🎧","lock_rtl":"no","flood":"yes","strict":"no","mute_forward":"yes","lock_tgservice":"no","public":"no","flood_msg_max":"20","lock_bots":"yes","mute_gif":"yes","member":"no","lock_contacts":"no","lock_arabic":"no","set_link":"https://telegram.me/joinchat/Bu48tD4Ykax6t0Svn_McQQ"},"long_id":"$05000000ac91183ea15569a3ce229b36","rules":"🎵قانون موزیک درخواستی🎵\n\nساعت شروع گروه⏯\n\n9⃣صبح تا 3⃣ بعدظهر\n\nو\n\n8⃣1⃣ عصر تا 1⃣ شب\n\n\nچت ممنوع🚫\n\nلینک = ریمو \n\nپست بی مورد ممنوع🚫\n\nپی وی خانوما= ریموو و ریپورت\n\nتوهین و بی احترامی ب دیگران = ریمو\n\nارتباط با مدیر @Arvin_G","group_type":"SuperGroup","moderators":{"117533592":"(at)arvinxxxo","123908498":"(at)Pari893","210621732":"(at)Reza70327","132191174":"(at)SS5603","132298303":"Hhhhh "}},"1027879973":{"set_owner":"132933425","settings":{"public":"no","member":"no","lock_rtl":"no","strict":"no","lock_tgservice":"yes","lock_link":"yes","lock_arabic":"no","set_name":"موزیک درخواستی","lock_spam":"yes","flood":"yes","lock_contacts":"yes","lock_sticker":"no","username":"yes"},"long_id":"$050000002534443d75ee699d1eb5ddc7","moderators":{"138756041":"(at)Samira12859","185058948":"(at)Elena_slh"},"group_type":"SuperGroup"},"1065569849":{"set_owner":"117999190","settings":{"public":"no","set_name":"شگفت انگیزان","lock_rtl":"no","strict":"no","lock_tgservice":"yes","lock_link":"yes","lock_arabic":"no","lock_spam":"yes","flood":"yes","lock_contacts":"no","lock_sticker":"yes","member":"no"},"long_id":"$05000000394e833f37fd6af3c0a4864f","moderators":[],"group_type":"SuperGroup"},"1084477891":{"set_owner":105940826,"settings":{"public":"no","lock_link":"no","lock_rtl":"no","strict":"no","lock_tgservice":"yes","member":"no","lock_arabic":"no","flood":"yes","set_link":"waiting","lock_spam":"yes","lock_contacts":"no","lock_sticker":"no","set_name":"نگاه کن"},"long_id":"$05000000c3d1a340fccd4e385718fd6d","moderators":{"110950740":"(at)sanaz_g81"},"group_type":"SuperGroup"},"1070298079":{"set_owner":"255580636","settings":{"flood":"yes","mute_all":"no","mute_doc":"no","lock_sticker":"no","public":"no","lock_spam":"yes","lock_rtl":"no","set_name":"●۩۝۩●گَِاَِرَِدَِ2َِسَِلَِطَِنَِتَِ َِ شَِیَِطَِاَِنَِ●۩۝۩●","mute_gif":"yes","mute_forward":"yes","mute_video":"yes","lock_link":"yes","member":"no","mute_photo":"yes","strict":"no","lock_tgservice":"no","lock_contacts":"yes","lock_arabic":"no","flood_msg_max":"5"},"long_id":"$05000000df73cb3f651c092e44e04bd0","moderators":{"127952021":"(at)HasanAngosht","94919909":"(at)Miisaaghnouri","251894545":"Ali (zarei)"},"group_type":"SuperGroup"},"1097693305":{"set_owner":"167193285","settings":{"flood":"yes","mute_doc":"yes","media":"yes","mute_audio":"yes","lock_sticker":"yes","set_name":"✡ɕɦɑʈ̶̶̶̶̶̶̶̶̶̶ ʂʈɑɾ ɱựʂɨɕ✡","public":"no","lock_spam":"yes","lock_tgservice":"yes","lock_rtl":"no","mute_gif":"yes","strict":"no","mute_forward":"yes","mute_video":"yes","set_link":"https://telegram.me/joinchat/CfcqxUFteHlYixDRFjTNkQ","lock_link":"yes","username":"yes","mute_photo":"yes","member":"no","lock_contacts":"yes","lock_arabic":"no","tag":"yes"},"long_id":"$0500000079786d41b4a7b85a9b4f65b8","moderators":{"266113045":"(at)xx_amirezamusic_xx","236037444":"(at)Green550"},"group_type":"SuperGroup"},"1063530143":{"set_owner":"246652182","settings":{"emoji":"yes","set_name":"🍃😍gp heli😍🍃","lock_link":"yes","fwd":"no","join":"no","member":"no","fosh":"no","media":"no","lock_member":"no","flood":"no","leave":"no","english":"no","flood_msg_max":"8","lock_spam":"yes","lock_sticker":"no","strict":"no","public":"no","set_link":"https://telegram.me/joinchat/DKcQcz9kLp_0W1qp9ByzqA","mute_forward":"yes","lock_rtl":"no","username":"no","mute_gif":"yes","lock_tgservice":"yes","mute_video":"no","operator":"no","mute_photo":"yes","lock_bots":"yes","all":"no","reply":"no","lock_contacts":"no","lock_arabic":"no","tag":"yes"},"long_id":"$050000009f2e643f42a98b1b04895d0d","rules":"رعایت ادب، لینک ممنوع، هر لینکی، عکس فیلم گیف لینک دار ممنوع، فوش ممنوع⛔️\n\nدر صورت مشاهده موارد بالا بدون اخطار ریمو‼️\n\nبدونه اجازه پیوی رفتن ازتون شکایت بشه ریمو⁉️\n\nدعوت دادن ممبر مثلا بیا گروهم ادمینت میکنم یا کانالم در صورت مشاهده بن🚫\n\n بی احترامی به ادمین مساوی با ☜ بن ال🚷\n\nامیدواریم لحظات خوبی رو با ما داشته باشین 😊","group_type":"SuperGroup","moderators":{"212275315":"(at)afsoongar666","216575831":"(at)ABTIN6854","57020957":"(at)amir01m","206986422":"(at)EMC_BOTS","246652182":"(at)Helib","244661786":"🍭sara🍭 .","121083397":"(at)fh021rap","177479531":"(at)kafr00","246046323":"(at)Khatar1376","201201162":"😍محدثه😍 ","253911821":"(at)Mahsaatatality","234072892":"(at)kingb_ot","245820798":"(at)TeleWolfTG","265126760":"🔥afsoongar🔱 afsoongaran","157088727":"(at)tanha_anti","249770975":"(at)afsoongar666bot"}},"1081760390":{"set_owner":"242773166","settings":{"public":"no","lock_link":"yes","lock_rtl":"no","strict":"no","lock_tgservice":"yes","member":"no","lock_arabic":"no","flood":"yes","set_link":"https://telegram.me/joinchat/DnhsrkB6Woa_IS1apAf0nw","lock_spam":"yes","lock_contacts":"no","lock_sticker":"no","set_name":"♡گـلـهـــای لــوتــوس♡"},"long_id":"$05000000865a7a40f705de3a39cae049","rules":"قوانيڹ سوپړ گڒۉه \n                             ❂گ\u200dل\u200d \u200dه\u200dای ل\u200dوت\u200d وس❂\nچـــت و گــفـــتـگــو ازاد✔\nمـطـــالـــب جـالـــب و امـــوزنـــده ازاد✔\nمـــتــن.,کـلـــیـــپ.,گـیـفـــ.',عـــکــس18+  ممنوع🚫\nبي ا ح\u200d \u200dت\u200d \u200dرام\u200dی و ب\u200d \u200dح\u200d \u200dث و دع\u200d \u200dوا م\u200dم\u200d\u200dن\u200d\u200dوع 🚫 ✔\n(در ص\u200d \u200dورت م\u200d \u200dش\u200dاه\u200dده ب\u200dرخ\u200d\u200dورد جدی میشود )🔚\nای\u200d \u200dج\u200dاد م\u200dزاح\u200dم\u200dت ب\u200d \u200dرای خ\u200d \u200dان\u200d\u200dم\u200d \u200dه\u200dا اک\u200dی\u200d \u200dدا م\u200dم\u200dن\u200dوع🚫\n (پ\u200d \u200dی وی خ\u200d \u200dان\u200dم ه\u200d \u200dا 🚫)\n\nل\u200d \u200dی\u200d \u200dن\u200d \u200dک\u200d \u200d گ\u200dروه\u200d \u200d ❂گ\u200dل\u200d \u200dه\u200dای ل\u200dوت\u200d وس❂\n\nhttps://telegram.me/joinchat/DnhsrkB6Woa_IS1apAf0nw\n۞۞۞۞۞۞۞۞۞۞۞۞۞","group_type":"SuperGroup","moderators":{"184264809":"(at)hasaaaannn","121465414":"(at)KUZY63"}},"1069830967":{"set_owner":"211324505","settings":{"lock_link":"yes","set_photo":"data/photos/channel_photo_1069830967.jpg","media":"yes","lock_sticker":"yes","mute_photo":"yes","set_link":"https://telegram.me/joinchat/DJiOWT_EUzdxn_-ATJpdGw","set_name":"🎷🎼 گًٍـًٍـًٍـًٍرًٍاًٍمًٍاًٍفًٍـًٍـًٍـًٍوًٍنًٍ 🎵🎤","lock_rtl":"no","flood":"yes","strict":"no","mute_forward":"yes","member":"no","lock_tgservice":"no","public":"no","lock_spam":"no","mute_gif":"yes","reply":"yes","lock_contacts":"yes","lock_arabic":"no","flood_msg_max":"40"},"long_id":"$050000003753c43f397c82b7d03043b2","moderators":{"186837236":"(at)Hsetarh","240057258":"BARAN ","106450699":"(at)Asab_tatil","237738103":"(at)Baran1528","149927624":"(at)MANII_AMANI","261751677":"(at)SorenaZz","185743604":"(at)ENIGMA78","207533466":"✪Si✷niy✪ori✷ta✪ ","221195931":"(at)Mn_ye_oqabiam_pas_sick_kon","242320879":"(at)Aylin39","202762092":"(at)LoverTG","228570271":"(at)Viiiiddda78","105335684":"بِِِِِِِِِِِِِِِِِِِِِِِِِِـــــــــہٌٌٌٌٌٌٌٌٌّّّّــــــــنّّّّّّّّّّّّــــــ\u0601ــــازمُُُُُُُُُُُـــــــخٌٌٌٌٌٌٌٌٌٌـــই۝๛ـــــرَََََََََََََََََََدے ","245700534":"(at)Mr_Driftking","251505149":"(at)mona13640","244889413":"Vida ","190369258":"(at)Cyb3r_Robot","221722262":"7:00 ","253372733":"(at)OooPSsS_ComAmirRavniCom_OooPSsS","92974841":"(at)MaryamA_mah"},"group_type":"SuperGroup"},"1022236124":{"set_owner":"106425092","settings":{"public":"no","member":"no","lock_rtl":"no","strict":"no","lock_tgservice":"yes","flood":"yes","lock_arabic":"no","set_name":":̤̈M̤̤̈̈Ṳ̤̈̈S̤̤̈̈Ï̤̤̈C̤̤̈̈ ̤̤̈̈&̤̤̈̈ ̤̤̈̈S̤̤̈̈Ë̤̤̈B̤̤̈̈Ä̤̤̈S̤̤̈̈T̤̤̈̈Ï̤̤̈Ä̤̤̈N̤̈:","lock_link":"yes","lock_spam":"no","lock_contacts":"yes","lock_sticker":"no","mute_gif":"yes"},"long_id":"$05000000dc15ee3c84316cfa1cd87fbf","moderators":[],"group_type":"SuperGroup"},"1067438816":{"set_owner":"252537266","settings":{"set_name":"💲🔛ÊŚFÃHÁÑ👑ĀŘM¥🔛💲","media":"no","leave":"yes","english":"no","mute_audio":"no","set_link":"https://telegram.me/joinchat/Dw1psj-f0uDWUYQObgfKFQ","lock_sticker":"yes","mute_gif":"yes","public":"no","lock_spam":"yes","mute_forward":"yes","lock_rtl":"no","lock_link":"yes","strict":"no","lock_tgservice":"yes","mute_video":"yes","operator":"yes","flood":"yes","lock_bots":"yes","member":"no","mute_photo":"yes","lock_contacts":"yes","lock_arabic":"no","tag":"yes"},"long_id":"$05000000e0d29f3f5a693c5df728f804","moderators":{"224685427":"(at)Alpha_botX","235715476":"(at)KIANA1633","249866723":"MeHDI 161 ","188489325":"(at)sajjad7475","122964947":"(at)Fatemehsmir","250934458":"Nazanin (Pv=Block)","102736653":"(at)Haana4","217806112":"(at)Panah7731","243109758":"(at)Ali_asm","227531346":"(at)qzlo_jlili","132809134":"(at)Hoseenii","183060587":"(at)Jesii_bot","203028055":"(at)Instrument77","183969756":"(at)xmahmoodx","194985886":"(at)oO_dokhi_shitonam_revale_oO","229626234":"(at)ANTlSPAM","202762092":"(at)LoverTG","141630674":"(at)hhhhhnnnnnn"},"group_type":"SuperGroup"},"1064534783":{"set_owner":"127935430","settings":{"public":"no","set_name":"◔͜͡◔̰͟͞dِِِoِِrِِe hِِِِaِِِmِِِi..₪","lock_rtl":"no","strict":"no","lock_tgservice":"yes","lock_link":"yes","lock_arabic":"no","lock_spam":"yes","flood":"yes","lock_contacts":"no","lock_sticker":"no","member":"no"},"long_id":"$05000000ff82733fe19a957530182eb2","moderators":[],"group_type":"SuperGroup"},"1085608908":{"set_owner":"268246595","settings":{"public":"no","member":"no","lock_rtl":"no","mute_doc":"yes","strict":"no","lock_tgservice":"yes","mute_video":"yes","flood":"yes","lock_arabic":"no","lock_spam":"no","lock_link":"yes","lock_contacts":"no","lock_sticker":"no","set_name":"😈Gp=Share_Contacts😈"},"long_id":"$05000000cc13b540fdd36c055ded3158","moderators":[],"group_type":"SuperGroup"},"1019278515":{"set_owner":"150268106","settings":{"public":"no","member":"no","lock_rtl":"no","strict":"no","lock_tgservice":"yes","lock_link":"yes","lock_arabic":"no","set_name":"🎧بهشت موزیک🎧","lock_bots":"yes","lock_spam":"yes","flood":"yes","lock_contacts":"no","lock_sticker":"no","mute_gif":"yes"},"long_id":"$05000000b3f4c03cfbf98c44f2eff267","moderators":{"113546848":"(at)FOGMM","204256854":"(at)yaghim"},"group_type":"SuperGroup"},"1050370640":{"set_owner":"110548296","settings":{"public":"no","flood":"yes","lock_rtl":"no","member":"no","mute_gif":"yes","lock_tgservice":"yes","lock_arabic":"no","set_link":"https://telegram.me/joinchat/BpbVSD6bYlAn_KpMBsbIqg","set_name":"🏴عشاق الحسین(ع)🏴","lock_spam":"no","flood_msg_max":"50","lock_link":"no","lock_contacts":"no","lock_sticker":"no","strict":"no"},"long_id":"$0500000050629b3e8072765db78ef160","moderators":{"214940203":"(at)yaa_zeeynab","213990647":"مهربان ","245096977":"(at)yadegar221","86988816":"(at)yaa_hosseyn"},"group_type":"SuperGroup"},"1092581057":{"set_owner":"275211954","settings":{"lock_link":"yes","mute_text":"no","english":"no","lock_sticker":"no","public":"no","set_link":"https://telegram.me/joinchat/EGdmskEfdsGa5PW9CKN2Fg","lock_rtl":"no","strict":"no","lock_tgservice":"yes","member":"no","lock_spam":"yes","lock_bots":"no","emoji":"no","flood":"yes","lock_contacts":"no","lock_arabic":"no","set_name":"🎀 دنیای منــــــ 🎀"},"long_id":"$05000000c1761f410d6bd7ef5834d7f0","rules":"دعوا و بد رفتاری ریمو 😠❌\nرفتن ب پی وی دخترا ریموو😠❌\nلینک نزارین چون ربات پاک میکنه😜\nو خواهش میکنم خعععلی با ادب باشید \n(دوستانه)😊\nبقیه قوانینم ک میدونید \nاحتیاج نیس بگم \nبا تچکر فرهاد 🌺","group_type":"SuperGroup","moderators":{"72983066":"(at)AloneinthedarkNp","254883338":"(at)Biqalb_79","126459692":"(at)orkideh177","262963408":"(at)amir_mord_sedash_nakonid"}},"1050162784":{"set_owner":"193445794","settings":{"public":"no","member":"no","lock_rtl":"no","strict":"no","mute_forward":"yes","flood":"yes","lock_arabic":"no","lock_link":"yes","lock_spam":"yes","set_name":"🎤IٌRْAًN ْMüšîç🎤","lock_contacts":"yes","lock_sticker":"yes","lock_tgservice":"yes"},"long_id":"$050000006036983e26d5e49d166ab2e6","moderators":{"122459635":"(at)Sahar0611","67482239":"(at)Javadthv","109591596":"(at)Hasan_khanam","153959557":"(at)Orkide74"},"group_type":"SuperGroup"},"1097621896":{"set_owner":"260834642","settings":{"flood_msg_max":"5","media":"yes","mute_audio":"yes","lock_sticker":"yes","mute_photo":"yes","set_link":"https://telegram.me/joinchat/D4wFUkFsYYiOYU-mxHOf3w","set_name":"💝☜ سٌٍـ✵ًٍََـٌٍلٌٍاٌٍمٌٍ بٌٍرٍُ عٌٍـٍٍُ✾ـٍٍٍٍُشٍُقٌٍ ☞💝","lock_rtl":"no","mute_forward":"yes","mute_gif":"yes","lock_tgservice":"yes","strict":"no","member":"no","public":"no","lock_bots":"yes","lock_spam":"yes","lock_link":"yes","lock_contacts":"yes","lock_arabic":"no","flood":"yes"},"long_id":"$0500000088616c416f143b4c4611265f","moderators":{"247698564":"(at)N0743","191961082":"(at)SezarBT","260834642":"🌺یٍٍُُـ✾ٍُـٍُسٍٍٍُُُـ✵ٍُـٍُنٍٍُُـ❈ٍُـٍُاٍٍٍُُُ🌺 "},"group_type":"SuperGroup"},"1069105917":{"set_owner":"214940203","settings":{"public":"no","flood":"yes","lock_rtl":"no","member":"no","mute_gif":"no","lock_tgservice":"yes","lock_arabic":"no","set_link":"https://telegram.me/joinchat/DM-6Kz-5Qv0KEUV033mcLA","set_name":"تلّ زِینَبیه","lock_spam":"no","flood_msg_max":"50","lock_link":"yes","lock_contacts":"no","lock_sticker":"no","strict":"no"},"long_id":"$05000000fd42b93fade6be6d957d281c","moderators":{"189007414":"H M","86988816":"(at)yaa_hosseyn","255225145":"(at)karrballa","213990647":"مهربان ","245096977":"(at)yadegar221","110548296":"(at)Yasin_Az330"},"group_type":"SuperGroup"},"1056212976":{"set_owner":"109122990","settings":{"mute_photo":"yes","member":"no","lock_rtl":"no","strict":"no","lock_tgservice":"yes","set_name":"«««««پاتوق»»»»»","lock_arabic":"no","public":"no","lock_link":"yes","lock_spam":"yes","flood":"yes","lock_contacts":"yes","lock_sticker":"no","mute_gif":"yes"},"long_id":"$05000000f087f43ef7f7cb968cbb82fc","moderators":{},"group_type":"SuperGroup"},"1080464606":{"set_owner":244505331,"settings":{"flood":"no","fwd":"no","join":"no","media":"no","lock_member":"no","emoji":"no","leave":"no","english":"no","fosh":"no","lock_spam":"no","lock_sticker":"no","set_name":"تست۱","mute_photo":"yes","set_link":"https://telegram.me/joinchat/DpLa80BmlN4-TNXaYtd1JA","public":"no","lock_rtl":"no","lock_link":"no","strict":"no","lock_tgservice":"no","member":"no","operator":"no","username":"no","lock_bots":"no","all":"no","reply":"no","lock_contacts":"no","lock_arabic":"no","tag":"no"},"long_id":"$05000000de9466401f7b22cbb4739356","moderators":{"99081976":"(at)EBI_EBRAHIMI_MUSIC1"},"group_type":"SuperGroup"},"1092019231":{"set_owner":"99081976","settings":{"lock_link":"yes","media":"yes","english":"no","lock_sticker":"yes","mute_photo":"yes","lock_spam":"yes","lock_rtl":"no","mute_gif":"yes","lock_tgservice":"yes","set_name":"❤Love💞💝Groupe💟","public":"no","set_link":"https://telegram.me/joinchat/Befe-EEW5B_zWMYb4FLmBw","strict":"no","flood":"yes","lock_contacts":"yes","lock_arabic":"yes","member":"no"},"long_id":"$050000001fe41641129992411e7a6796","rules":"قوانین گروه عشق:گروه ضد اسپم هست از لینک گذاشتن جدا خودداری فرمایید.بی ادبی و بی احترامی نداریم.عکس ها و کلیپ های 18+ ممنوعه.اگه ناراحتی میتونی از گروه لفت بدی.لینک گروه عشق:👇👈 https://telegram.me/joinchat/Befe-EEW5B8bfkccQjSjUA","group_type":"SuperGroup","moderators":{"184264809":"(at)hasaaaannn"}},"1060235777":{"set_owner":"244505331","settings":{"flood":"no","fwd":"no","media":"no","lock_member":"no","mute_photo":"yes","username":"yes","mute_video":"yes","operator":"yes","lock_bots":"yes","all":"no","lock_contacts":"no","lock_arabic":"no","tag":"yes","member":"no","mute_all":"no","join":"no","fosh":"no","leave":"yes","english":"no","lock_spam":"yes","mute_gif":"yes","lock_rtl":"no","strict":"no","lock_sticker":"no","lock_tgservice":"no","lock_link":"yes","mute_doc":"yes","set_name":"K̲O̲S̲ C̲H̲A̲T̲ & S̲h̲a̲r̲e̲ co̲n̲t̲a̲c̲t","emoji":"no","public":"no","reply":"no","flood_msg_max":"20","mute_forward":"yes","set_link":"https://telegram.me/joinchat/DpLa8z8x6gFG8YfoRFvf6g"},"long_id":"$0500000001ea313f46a506a13167a263","rules":"ګص ڿٹ خۈڹۿ ۿمڲٵنێ لاٹېڼ\nاتک بدی کیر میشی😂🎈","group_type":"SuperGroup","moderators":{"203024480":"(at)TeIeServer","218683771":"(at)king_khashm_shabam","188715315":"(at)x_R_E_D_B_O_T_x","169884904":"(at)xXx_parham_LATINA_xXx","265163872":"(at)E_lt_bot","99081976":"(at)EBI_EBRAHIMI_MUSIC1","257685544":"(at)Queen_latinam","234445563":"(at)Oo_fucker_hajm3hti_boy_oO","228043678":"(at)pedram01_latina","208424474":"(at)M_R_TYPER","147581042":"(at)O_o_Typer_o_O"}},"1088029906":{"set_owner":"112176264","settings":{"lock_link":"yes","set_photo":"data/photos/channel_photo_1088029906.jpg","lock_sticker":"no","mute_photo":"yes","lock_spam":"yes","lock_rtl":"no","mute_gif":"no","lock_tgservice":"yes","set_name":"★ڪـافـہ ↯چـت★","public":"no","set_link":"https://telegram.me/joinchat/Bq-siEDaBNJaR8U8JBz3CA","flood":"yes","strict":"no","mute_forward":"yes","lock_contacts":"yes","lock_arabic":"no","member":"no"},"long_id":"$05000000d204da401d41c922ccf4a65e","moderators":{"141134121":"Esmaeil ","222722644":"(at)setare200098","242354993":"👑ცﾑみﾑЯ£👑 ","116178044":"(at)vahid48950","177610599":"(at)Nazanin_maryam18","242357159":"(at)MaMaL_sa"},"group_type":"SuperGroup"},"1098511607":{"set_owner":259981470,"settings":{"public":"no","set_name":"💔💓Ŧamili💕💖","lock_rtl":"no","strict":"no","lock_tgservice":"yes","lock_link":"no","lock_arabic":"no","lock_spam":"yes","flood":"yes","lock_contacts":"no","lock_sticker":"no","member":"no"},"long_id":"$05000000f7f4794155c327e0f688f171","moderators":{"110950740":"(at)sanaz_g81"},"group_type":"SuperGroup"},"1079118921":{"set_owner":220117083,"settings":{"public":"no","set_name":"L.O.V.E.G.A.P","lock_rtl":"no","strict":"no","lock_tgservice":"yes","lock_link":"no","lock_arabic":"no","lock_spam":"yes","flood":"yes","lock_contacts":"no","lock_sticker":"no","member":"no"},"long_id":"$05000000490c5240e3316d28862256b1","moderators":[],"group_type":"SuperGroup"},"1062011456":{"set_owner":"223073106","settings":{"lock_link":"yes","lock_sticker":"no","lock_spam":"yes","mute_photo":"no","set_link":"https://telegram.me/joinchat/DUvTUj9NAkDQB68uIZQU_Q","member":"no","lock_rtl":"no","flood":"yes","mute_gif":"yes","lock_tgservice":"yes","public":"no","set_name":"☔💕️هوای برفی🌂","flood_msg_max":"10","username":"yes","strict":"no","mute_forward":"yes","lock_contacts":"yes","lock_arabic":"no","tag":"yes"},"long_id":"$0500000040024d3fe644d046ea715370","moderators":{"104085915":"(at)Bahar_S_8600","237105998":"👑 ","195914239":"(at)Fateeeeeeemeeeeeh","263373712":"(at)shadi2220"},"group_type":"SuperGroup"},"1021349240":{"set_owner":"63601599","settings":{"flood":"yes","mute_doc":"yes","lock_sticker":"yes","public":"no","set_link":"https://telegram.me/joinchat/CphUyTzgjXibtjRZCygddg","lock_rtl":"no","lock_link":"yes","mute_gif":"yes","lock_tgservice":"yes","mute_video":"yes","set_name":"🎺ოʊⓢɨـًًًَََⓚ 🎧$\u200ctar🎷","lock_spam":"yes","flood_msg_max":"5","strict":"no","mute_forward":"yes","lock_contacts":"yes","lock_arabic":"no","member":"no"},"long_id":"$05000000788de03cfc26138b78031977","moderators":{"127214008":"(at)Prdhss021"},"group_type":"SuperGroup"},"1061513122":{"set_owner":"110548296","settings":{"public":"no","lock_link":"yes","lock_rtl":"no","strict":"no","lock_tgservice":"yes","member":"no","lock_sticker":"no","flood":"yes","flood_msg_max":"50","lock_spam":"no","set_link":"https://telegram.me/joinchat/BpbVSD9FZ6KIk2jsCV2hgA","lock_contacts":"no","lock_arabic":"no","set_name":"کَفُّ\u200cالعَبّاس✋"},"long_id":"$05000000a267453fa222737bbafa35cf","rules":"بسم الرب الشهدا و الصدیقین\n\n\nقوانین گروه( کَفُّ\u200cالعَبّاس✋ )\n\n\n1.مطالب مذهبی. مطالب درمورد شهدا..مداحی.عکسنوشته.تصاویر هنری..علمی.پزشکی.تصاویر زیبا  و طنز حلال مجاز میباشد.\n\n2.تبلیغات فقط در صورت تبادل. \nقرار دادن لینک  درPVمدیریت\n\n\n3.مناظره و چت ممنوع.🚫🚫\n\n4.لعن فرستادن ممنوع🚫🚫\n\n5.رفتن به PV ممنوع🚫🚫\n\n6.مطالب رگباری،پست های طولانی،\nپست هایی که لینک تبلیغاتی داشته\nباشند توسط ربات حذف خواهند شد\n\n7.گروه هرشب ازساعت 4⃣2⃣ تا\nاذان صبح تعطیل میباشد.\n\nسپاس ازهمکاری  شما..\n\nمدیریت گروه: کَفُّ\u200cالعَبّاس✋","group_type":"SuperGroup","moderators":{"74657551":"(at)Azzzzvh","202762092":"(at)LoverTG","121168092":"رز آبی ","142083773":"(at)TurboTG","255225145":"(at)karrballa","213990647":"مهربان ","214940203":"(at)yaa_zeeynab","86988816":"(at)yaa_hosseyn"}},"1061060340":{"set_owner":"203383802","settings":{"public":"no","set_name":"😛KhAb ZaDeHaA😛","lock_rtl":"no","strict":"no","lock_tgservice":"yes","lock_link":"yes","lock_arabic":"no","lock_spam":"yes","flood":"yes","lock_contacts":"no","lock_sticker":"no","member":"no"},"long_id":"$05000000f47e3e3fe0dc58ba09101cc2","moderators":[],"group_type":"SuperGroup"},"1084270894":{"set_owner":"268146437","settings":{"public":"no","member":"no","lock_rtl":"no","strict":"no","mute_forward":"yes","flood":"yes","lock_arabic":"no","flood_msg_max":"30","lock_spam":"yes","lock_link":"no","set_name":"🎤🎶موزیڪــ ڪـده🎶🎤","lock_contacts":"no","lock_sticker":"no","lock_tgservice":"yes"},"long_id":"$050000002ea9a040c4a3f96b8e6e6f1d","moderators":{"270631423":"F ","239870653":"(at)fatemehjoon1996","177306167":"💋ŗëчңаЙỄң 💋 ","68854089":"(at)no_name137"},"group_type":"SuperGroup"},"1082591000":{"set_owner":"196375588","settings":{"public":"no","set_link":"https://telegram.me/joinchat/C7R0JECHBxjKXqxyuFJXhw","lock_rtl":"no","strict":"no","lock_tgservice":"yes","flood":"yes","lock_sticker":"no","set_name":"لی","lock_link":"yes","lock_spam":"yes","member":"no","lock_contacts":"no","lock_arabic":"no","tag":"yes"},"long_id":"$05000000180787405698eace1f0cd129","moderators":[],"group_type":"SuperGroup"},"1002724501":{"set_owner":"62159985","settings":{"flood":"yes","lock_sticker":"no","mute_photo":"yes","lock_spam":"yes","lock_rtl":"no","lock_link":"yes","mute_gif":"yes","lock_tgservice":"yes","mute_video":"yes","public":"no","flood_msg_max":"30","strict":"no","username":"yes","member":"no","lock_contacts":"no","lock_arabic":"no","set_name":"🎶 چڪـــــℳ υ $ ɨ ｃــــــاۅڪ 🎶"},"long_id":"$05000000955cc43bb3a8ca6b8350de8c","moderators":{"263629680":"(at)Kami0010","118787394":"(at)ali_r_h_k","211324505":"(at)ESHGHAM_HAME_DONYAME_E_SH","241589928":"(at)Alone1209","251505149":"(at)mona13640","258165346":"(at)Happy_girl73","134680626":"(at)Mahsa1375219"},"group_type":"SuperGroup"},"1081689417":{"set_owner":"242294644","settings":{"public":"no","set_name":"😉جیـــــــگراااااا😉","lock_rtl":"no","strict":"no","lock_tgservice":"yes","lock_link":"yes","lock_arabic":"no","lock_spam":"yes","flood":"yes","lock_contacts":"no","lock_sticker":"no","member":"no"},"long_id":"$0500000049457940588ba1a2f20f53f1","moderators":[],"group_type":"SuperGroup"}}